-- phpMyAdmin SQL Dump
-- version 5.2.1
-- https://www.phpmyadmin.net/
--
-- Host: 127.0.0.1
-- Generation Time: Jun 01, 2024 at 01:03 PM
-- Server version: 10.4.28-MariaDB
-- PHP Version: 8.2.4

SET SQL_MODE = "NO_AUTO_VALUE_ON_ZERO";
START TRANSACTION;
SET time_zone = "+00:00";


/*!40101 SET @OLD_CHARACTER_SET_CLIENT=@@CHARACTER_SET_CLIENT */;
/*!40101 SET @OLD_CHARACTER_SET_RESULTS=@@CHARACTER_SET_RESULTS */;
/*!40101 SET @OLD_COLLATION_CONNECTION=@@COLLATION_CONNECTION */;
/*!40101 SET NAMES utf8mb4 */;

--
-- Database: `touristview`
--

-- --------------------------------------------------------

--
-- Table structure for table `artikel`
--

CREATE TABLE `artikel` (
  `id_artikel` int(10) NOT NULL,
  `gambar_artikel` varchar(50) NOT NULL,
  `judul_artikel` text NOT NULL,
  `id_user` int(2) DEFAULT NULL,
  `isi_artikel` text NOT NULL,
  `tgl_artikel` date NOT NULL DEFAULT current_timestamp()
) ENGINE=InnoDB DEFAULT CHARSET=utf8mb4 COLLATE=utf8mb4_general_ci;

--
-- Dumping data for table `artikel`
--

INSERT INTO `artikel` (`id_artikel`, `gambar_artikel`, `judul_artikel`, `id_user`, `isi_artikel`, `tgl_artikel`) VALUES
(25, 'art1.jpg', 'Intip Apa Aja Yang Dilarang Ketika Naik Pesawat Yuks', 1, '<p>Selamat datang, para Tourist! Saat kita bersiap-siap untuk naik pesawat dan menjelajahi tujuan baru, ada beberapa hal yang perlu kita ingat agar perjalanan kita berjalan lancar dan menyenangkan. Di balik kebebasan dan kenyamanan dalam penerbangan, terdapat aturan dan larangan yang perlu kita patuhi demi keamanan dan kenyamanan bersama. Nah, dalam artikel kali ini, saya akan berbagi dengan Anda beberapa hal yang dilarang ketika naik pesawat. Mari kita simak!</p>\r\n\r\n<p>1. Barang-barang Terlarang</p>\r\n\r\n<p>Saat memasuki bandara dan naik pesawat, pastikan Anda memahami dengan baik daftar barang-barang yang dilarang. Ini termasuk benda tajam seperti pisau, gunting, atau alat-alat berpotensi membahayakan lainnya. Selain itu, benda-benda seperti cairan dalam jumlah besar atau obat-obatan tertentu juga perlu diketahui aturannya. Pastikan Anda membawa barang-barang yang diizinkan dan memenuhi persyaratan keamanan penerbangan.</p>\r\n\r\n<p>2. Rokok dan Vaping</p>\r\n\r\n<p>Saat ini, mayoritas maskapai penerbangan melarang merokok dan menggunakan vape di dalam pesawat. Ini mencakup seluruh perjalanan, termasuk di kabin pesawat maupun di toilet. Larangan ini ditetapkan untuk menjaga keamanan dan kenyamanan penumpang. Jadi, pastikan Anda tidak membawa atau menggunakan rokok atau alat vape selama penerbangan. Jika Anda perlu merokok, gunakan area yang disediakan di bandara sebelum atau setelah penerbangan.</p>\r\n\r\n<p>3. Elektronik dengan Mode Pesawat</p>\r\n\r\n<p>Sering banget nih yang masih nakal main handphone ketika sudah di pesawat, padahal sudah di peringati oleh petugas loh. Selama lepas landas dan mendarat, maskapai penerbangan mewajibkan penggunaan mode pesawat pada perangkat elektronik seperti ponsel, tablet, atau laptop. Mode pesawat mematikan sinyal ponsel dan menghindari gangguan pada sistem navigasi pesawat. Penting untuk mengikuti petunjuk awak kabin dan memastikan semua perangkat Anda berada dalam mode pesawat saat diminta.</p>\r\n\r\n<p>4. Mengganggu Awak Kabin</p>\r\n\r\n<p>Waduh hal ini jangan dikasih tau lagi ya? Eh apa ada kalian yang sering minta tolong ketika petugas sedang bekerja?. Dalam upaya menjaga keamanan dan kenyamanan seluruh penumpang, penting untuk tidak mengganggu atau menghalangi awak kabin saat mereka sedang menjalankan tugas mereka. Ikuti petunjuk mereka dengan penuh kesabaran, seperti saat makanan atau minuman disajikan, atau saat pesawat sedang lepas landas mendarat. Jangan berusaha menyalahgunakan fasilitas atau menghalangi jalur evakuasi di pesawat.</p>\r\n\r\n<p>5. Mengabaikan Instruksi Keamanan</p>\r\n\r\n<p>Ketika awak kabin memberikan instruksi keamanan sebelum lepas landas, penting untuk memberikan perhatian penuh dan mengikuti petunjuk yang diberikan. Ini meliputi penggunaan sabuk pengaman, pemakaian masker oksigen dalam keadaan darurat, dan lokasi pintu darurat. Jangan menganggap remeh instruksi ini, karena pengetahuan dan kesiapan Anda dalam keadaan darurat bisa menjadi faktor penentu keselamatan.</p>\r\n\r\n<p>Dengan mematuhi larangan-larangan ini, kita akan menjaga keselamatan diri sendiri, penumpang lain, dan kru penerbangan. Menghormati aturan dan mengikuti petunjuk yang diberikan adalah bentuk partisipasi kita dalam menciptakan pengalaman penerbangan yang aman dan menyenangkan bagi semua orang. Jadi, mari kita patuhi aturan ini dan nikmati perjalanan kita dengan damai dan penuh kegembiraan!</p>\r\n', '2023-12-05'),
(26, 'art2.jpg', 'SIM Indonesia Berlaku Di Luar Negeri? Affah Iyah?', 1, '<p>Hai, Tourist! Salah satu pertanyaan umum yang sering muncul di benak para pelancong adalah apakah SIM (Surat Izin Mengemudi) dari negara asal mereka berlaku di negara-negara lain. Nah, kali ini saya akan membawa kabar baik bagi Anda, pemegang SIM Indonesia. Ternyata, SIM Indonesia memiliki pengakuan internasional yang luas dan berlaku di banyak negara di seluruh dunia. Dalam artikel ini, mari kita jelajahi fakta menarik mengenai SIM Indonesia dan di mana saja Anda dapat menggunakannya saat berkeliling dunia. Jadi, siapkan diri Anda untuk informasi yang menarik ini!</p>\r\n\r\n<p>SIM Indonesia, sebagai surat izin mengemudi yang diterbitkan oleh pemerintah Indonesia, memungkinkan Anda untuk mengemudi di banyak negara di dunia. Ini adalah kabar baik bagi Anda yang gemar bepergian dan ingin merasakan sensasi mengemudi di negara-negara lain. Beberapa negara mengakui dan menerima SIM Indonesia dengan validitas yang sama seperti SIM domestik mereka sendiri, sehingga Anda dapat mengemudi dengan tenang tanpa perlu mengurus SIM internasional.</p>\r\n\r\n<p>Negara-negara di Asia Tenggara seperti Malaysia, Singapura, Thailand, dan Filipina mengakui SIM Indonesia dan memperbolehkan Anda untuk mengemudi dengan SIM tersebut selama Anda dalam jangka waktu yang ditentukan oleh peraturan setempat. Selain itu, beberapa negara di Timur Tengah seperti Uni Emirat Arab, Qatar, dan Arab Saudi juga mengakui SIM Indonesia dan memperbolehkan Anda mengemudi dengan SIM tersebut dalam batasan waktu tertentu.</p>\r\n\r\n<p>Tak hanya itu, negara-negara di Eropa seperti Inggris, Prancis, Jerman, Italia, dan Spanyol juga mengakui SIM Indonesia. Namun, sebagian dari negara-negara tersebut mungkin memerlukan terjemahan resmi dari SIM Indonesia dalam bahasa setempat atau SIM internasional sebagai pelengkap. Pastikan untuk memeriksa persyaratan khusus yang berlaku di negara tujuan Anda sebelum memulai perjalanan.</p>\r\n\r\n<p>Jadi, para pemberani yang tak kenal lelah, kabar baik telah datang! SIM Indonesia memiliki pengakuan internasional yang luas dan berlaku di banyak negara di berbagai belahan dunia. Ini memberikan kesempatan tak ternilai bagi Anda untuk mengemudi dengan bebas dan merasakan sensasi berkendara di negara-negara yang Anda kunjungi. Namun, penting untuk diingat bahwa persyaratan dan aturan mengemudi dapat berbeda di setiap negara, jadi selalu periksa kebijakan dan persyaratan setempat sebelum mengemudi di luar negeri.</p>\r\n\r\n<p>Sekarang, siapkan ransel Anda, siapkan SIM Indonesia Anda, dan mulailah menjelajahi dunia dengan semangat petualangan yang tak terbatas! Selalu patuhi peraturan lalu lintas setempat, hormati budaya dan kebiasaan di negara yang Anda kunjungi, dan tetaplah mengemudi dengan penuh kesadaran dan kebijaksanaan.</p>\r\n\r\n<p>Selamat menikmati perjalanan tanpa batas dan pulanglah dengan kenangan yang tak terlupakan. Sampai jumpa di artikel petualangan selanjutnya!</p>\r\n', '2023-12-05'),
(27, 'art3.png', 'Hewan Bisa Mendeteksi Gempa Bumi? Yuk! Simak Faktanya!', 1, '<ol>\r\n	<li>\r\n	<p>Halo, para pembaca setia Tourist yang selalu ingin tau lebih banyak! Pada kesempatan kali ini, kita akan menjelajahi salah satu fenomena alam yang penuh misteri yaitu kemampuan hewan dalam merasakan tanda-tanda gempa bumi sebelum manusia dapat mengindarinya. Menurut sebuah artikel menarik yang kami temukan di Detik Edu, kami akan menggali lebih dalam dan melihat fakta-fakta menarik serta penelitian terkini yang terkait dengan kemampuan luar biasa ini.</p>\r\n\r\n	<p>Penelitian terbaru menunjukkan bahwa beberapa hewan memiliki kepekaan yang luar biasa terhadap perubahan lingkungan sebelum gempa bumi terjadi. Contohnya, beberapa laporan mencatat bahwa anjing dan kucing sering kali menunjukkan perilaku yang gelisah, gemetar, atau mencari tempat persembunyian beberapa saat sebelum gempa terjadi. Bahkan serangga dan burung juga terlihat berperilaku aneh, seolah-olah mereka merasakan sesuatu yang tak terlihat oleh manusia.</p>\r\n\r\n	<p>Namun, para ilmuwan masih memperdebatkan mengenai penyebab dan akurasi kemampuan ini. Beberapa penelitian menyiratkan bahwa hewan mungkin mampu mendeteksi perubahan elektromagnetik, perubahan tekanan udara, atau bahkan suara frekuensi rendah yang terkait dengan gempa bumi. Namun, penting untuk diingat bahwa variasi perilaku hewan dan pengaruh faktor lingkungan dapat menjadi faktor yang mempengaruhi hasil penelitian.</p>\r\n\r\n	<p>Salah satu penelitian yang menarik adalah studi yang dilakukan di Jepang. Penelitian ini melibatkan observasi terhadap ikan-ikan dalam tangki dan perilaku mereka sebelum terjadinya gempa bumi. Hasilnya menunjukkan bahwa ikan-ikan tersebut terlihat gelisah dan tidak biasa aktif beberapa menit sebelum gempa bumi terjadi. Meskipun penelitian ini menarik, para ilmuwan masih terus melakukan penelitian lanjutan untuk memperkuat temuan ini dan memahami lebih dalam mekanisme yang terlibat.</p>\r\n\r\n	<p>Dalam kesimpulannya, meskipun kemampuan hewan dalam merasakan tanda-tanda gempa bumi masih menjadi misteri yang membutuhkan penelitian lebih lanjut, penemuan dan observasi menarik ini memberikan kita wawasan baru tentang dunia hewan dan kemampuan luar biasa yang mereka miliki. Teruslah mengikuti perkembangan ilmu pengetahuan, karena penelitian lanjutan akan membantu kita memahami dengan lebih baik bagaimana hewan mendeteksi tanda-tanda gempa bumi dan mengapa mereka memiliki kemampuan ini.</p>\r\n\r\n	<p>Jadi, mari kita tetap terpesona dan terbuka terhadap fenomena alam yang menakjubkan ini, serta menghargai kecerdasan luar biasa yang dimiliki oleh dunia hewan. Teruslah mengikuti blog ini untuk artikel menarik dan penelitian terkini yang akan membawa kita semakin dekat dengan jawaban-jawaban yang kita cari dalam kehidupan hewan dan alam semesta ini!.</p>\r\n	</li>\r\n</ol>\r\n', '2023-12-05'),
(28, 'arti4.jpg', 'Bingung Mau Pesen Tiket Online Atau Offline? Nih Mimin Kasih Tempe', 2, '<p>Selamat datang, Tourist! Jika Anda sedang merencanakan perjalanan kereta api, baik itu menggunakan aplikasi KAI Access atau memesan tiket secara offline, berikut ini saya akan membagikan panduan lengkap untuk membantu Anda memesan tiket kereta dengan mudah. Taklukkan perjalanan Anda dengan cara yang paling nyaman bagi Anda!</p>\r\n\r\n<p>Cara memesan tiket kereta di aplikasi KAI Access:</p>\r\n\r\n<p>1. Unduh dan instal aplikasi KAI Access di ponsel Anda melalui Google Play Store (untuk pengguna Android) atau App Store (untuk pengguna iOS).<br />\r\n2. Buka aplikasi KAI Access dan daftar atau masuk ke akun Anda.<br />\r\n3. Pilih &quot;Pesan Tiket&quot; di menu utama aplikasi.<br />\r\n4. Masukkan stasiun keberangkatan dan tujuan, serta tanggal dan waktu keberangkatan yang diinginkan.<br />\r\n5. Pilih jumlah penumpang dan jenis kelas kereta yang diinginkan.<br />\r\n6. Setelah itu, aplikasi akan menampilkan jadwal kereta yang tersedia sesuai dengan preferensi Anda. Pilih kereta yang diinginkan.<br />\r\n7. Selanjutnya, pilih kursi yang tersedia.<br />\r\n8. Masukkan data penumpang seperti nama, nomor identitas, dan informasi kontak.<br />\r\n9. Setelah melengkapi data penumpang, Anda akan diarahkan untuk melakukan pembayaran. Pilih metode pembayaran yang tersedia di aplikasi.<br />\r\n10.Setelah pembayaran berhasil, tiket kereta akan ditampilkan dalam aplikasi KAI Access. Simpan tiket elektronik tersebut dan tunjukkan saat Anda akan naik kereta sebagai bukti pembayaran.</p>\r\n\r\n<p>Cara memesan tiket kereta secara offline:</p>\r\n\r\n<p>1. Kunjungi loket penjualan tiket di stasiun kereta api terdekat.<br />\r\n2. Berikan informasi kepada petugas loket mengenai stasiun keberangkatan, tujuan, tanggal, dan waktu keberangkatan yang diinginkan, serta jumlah penumpang dan jenis kelas kereta.<br />\r\n3. Petugas loket akan memberikan opsi jadwal kereta yang tersedia dan memberikan informasi tentang ketersediaan kursi.<br />\r\n4. Pilih jadwal dan kursi yang diinginkan.<br />\r\n5. Berikan data penumpang kepada petugas, seperti nama, nomor identitas, dan kontak yang dapat dihubungi.<br />\r\n6. Lakukan pembayaran sesuai dengan harga tiket yang ditentukan.<br />\r\n7. Petugas loket akan mencetak tiket kereta untuk Anda.<br />\r\n8. Simpan tiket dengan baik dan tunjukkan saat Anda akan naik kereta sebagai bukti pembayaran.</p>\r\n\r\n<p><strong>Penting untuk diingat bahwa membeli tiket kereta dengan menggunakan aplikasi KAI Access memberikan kemudahan dan kenyamanan dalam memesan tiket secara online, sementara pembelian tiket secara offline di loket stasiun dapat dilakukan jika Anda tidak memiliki akses ke internet atau preferensi untuk memesan tiket secara langsung.</strong></p>\r\n\r\n<p>&nbsp;</p>\r\n\r\n<p>Dengan menggunakan aplikasi KAI Access atau memesan tiket secara offline di loket stasiun, Anda dapat dengan mudah merencanakan perjalanan kereta api Anda. Terlepas dari metode yang Anda pilih, pastikan untuk melakukan reservasi tiket dengan tepat waktu dan menyiapkan segala persyaratan yang diperlukan. Selamat menikmati perjalanan kereta api yang menyenangkan dan semoga pengalaman Anda penuh kenangan tak terlupakan!</p>\r\n', '2023-12-05'),
(29, 'art5.jpeg', 'Pertama kali pergi keluar negeri? Ini Tips Nya', 1, '<p>Halo, para penggemar travel yang bersemangat! Pada kesempatan kali ini, sebagai seorang blogger dengan pengalaman dalam menjelajahi destinasi di seluruh dunia, saya sangat senang dapat berbagi tips pertama kali travel yang berguna untuk Anda. Merencanakan perjalanan pertama kali bisa menjadi kombinasi antara kegembiraan dan sedikit kecemasan, tetapi jangan khawatir! Dalam artikel ini, saya akan memberikan wawasan praktis, saran insider, dan trik-trik terbaik yang akan membantu Anda merencanakan perjalanan yang lancar dan tak terlupakan.</p>\r\n\r\n<p>Momen pertama kali travel akan membawa sensasi yang luar biasa dan pengalaman yang mengesankan. Tips dan panduan yang akan saya berikan sebagai seorang blogger akan mencakup segala hal, mulai dari memilih destinasi yang sesuai dengan minat Anda, merencanakan anggaran perjalanan, menyiapkan perlengkapan dan pakaian yang tepat, hingga membawa persiapan penting seperti dokumen perjalanan dan asuransi. Jadi, bersiaplah untuk mengikuti petualangan saya dan bersiap-siaplah untuk merasakan kegembiraan dan keajaiban perjalanan pertama kali Anda!</p>\r\n\r\n<p>1. Sebelum beli tiket pesawat, cek semua kelengkapan dokumen paspor dan visa</p>\r\n\r\n<p>Sebelum Anda memulai petualangan internasional Anda, ada beberapa hal penting yang perlu dipersiapkan. Pertama-tama, pastikan Anda memeriksa kelengkapan dokumen paspor dan visa. Sebagai seorang blogger yang berpengalaman dalam menjelajahi dunia, saya sangat menekankan pentingnya memeriksa kembali kevalidan paspor dan visa Anda sebelum membeli tiket pesawat. Pastikan paspor Anda masih berlaku untuk jangka waktu yang cukup dan periksa apakah Anda memerlukan visa untuk negara tujuan Anda. Mengatur dokumen ini dengan baik akan membantu menghindari hambatan yang tidak diinginkan saat perjalanan.</p>\r\n\r\n<p>2. Tak perlu bawa terlalu banyak cash, cukup bawa Kartu Debit berlogo Visa buat transaksi di luar negeri!</p>\r\n\r\n<p>Selanjutnya, dalam era digital saat ini, membawa terlalu banyak uang tunai bukanlah keharusan. Sebagai gantinya, seorang blogger seperti saya merekomendasikan menggunakan Kartu Debit berlogo Visa untuk transaksi di luar negeri. Kartu debit ini dapat diterima secara luas dan memudahkan Anda dalam melakukan pembayaran di berbagai tempat seperti restoran, toko, atau bahkan untuk menarik uang di mesin ATM. Pastikan Anda melakukan pengecekan terlebih dahulu dengan bank Anda mengenai fitur dan kebijakan penggunaan kartu debit di luar negeri.</p>\r\n\r\n<p>3. Buat Itinerary dan perkiraan budget</p>\r\n\r\n<p>Selanjutnya, buatlah itinerary perjalanan dan perkiraan anggaran. Sebagai seorang blogger yang memiliki pengalaman dalam merencanakan perjalanan, saya sangat merekomendasikan membuat rencana perjalanan yang terperinci dan memperkirakan anggaran yang dibutuhkan. Dengan membuat itinerary, Anda dapat mengatur waktu dengan efisien dan merencanakan kegiatan dan tempat yang ingin Anda kunjungi. Selain itu, dengan memperkirakan anggaran, Anda dapat mengontrol pengeluaran dan menghindari kejutan tak terduga. Ingatlah untuk tetap fleksibel dalam perencanaan Anda dan berikan ruang untuk improvisasi selama perjalanan.</p>\r\n\r\n<p>4. Siapkan handphone kamu dengan koneksi internet</p>\r\n\r\n<p>Selanjutnya, bekali diri Anda dengan koneksi internet yang handal. Saat bepergian ke luar negeri, akses internet dapat sangat penting dalam menjelajahi dan mengatur perjalanan Anda. Sebagai seorang blogger yang sering bekerja secara online saat bepergian, saya merekomendasikan untuk mendapatkan kartu SIM lokal atau menggunakan layanan penyedia Wi-Fi selama perjalanan Anda. Dengan akses internet yang stabil, Anda dapat mencari informasi penting, mengatur transportasi, atau bahkan menghubungi orang terdekat dengan mudah.</p>\r\n\r\n<p>5. Pelajari Negara Tujuan</p>\r\n\r\n<p>Terakhir, jangan lupakan untuk mempelajari negara tujuan Anda dengan baik. Sebagai seorang blogger, saya selalu menganggap penting untuk memahami budaya, adat istiadat, dan peraturan di negara yang akan saya kunjungi. Pelajari tentang tradisi lokal, bahasa yang umum digunakan, serta kebiasaan yang berlaku di negara tersebut. Ini akan membantu Anda beradaptasi lebih baik dengan lingkungan baru dan memberikan pengalaman perjalanan yang lebih berarti.</p>\r\n\r\n<p>Jadi, sahabat petualang, dengan mempersiapkan dokumen perjalanan, menggunakan kartu debit berlogo Visa, membuat itinerary dan anggaran, membawa koneksi internet yang handal, dan mempelajari negara tujuan dengan baik, Anda akan siap untuk menghadapi perjalanan internasional yang mengesankan. Bersiaplah untuk melangkah ke dunia yang baru dan mengeksplorasi keajaiban yang menanti di luar sana!</p>\r\n', '2023-12-05');

-- --------------------------------------------------------

--
-- Table structure for table `coming_soon`
--

CREATE TABLE `coming_soon` (
  `id_coming` int(10) NOT NULL,
  `judul_coming` varchar(50) NOT NULL,
  `jenis_konten` varchar(25) NOT NULL,
  `jadwal_upload` date NOT NULL,
  `id_penulis` int(10) DEFAULT NULL,
  `gambar_coming` varchar(50) NOT NULL
) ENGINE=InnoDB DEFAULT CHARSET=utf8mb4 COLLATE=utf8mb4_general_ci;

--
-- Dumping data for table `coming_soon`
--

INSERT INTO `coming_soon` (`id_coming`, `judul_coming`, `jenis_konten`, `jadwal_upload`, `id_penulis`, `gambar_coming`) VALUES
(29, 'Bukchon Village', 'Mancanegara', '2024-01-25', 7, '1837796770.jpg'),
(30, 'Raja Ampat', 'Nusantara', '2024-01-18', 4, 'raja.jpg'),
(31, 'Walakiri Beach', 'Nusantara', '2024-01-11', 1, 'walakiri.jpg'),
(33, 'Candi Borobudur', 'Nusantara', '2024-01-04', 3, 'borobudur.jpeg'),
(37, 'Cappadocia', 'Mancanegara', '2024-02-01', 5, 'Cappadocia.jpg');

-- --------------------------------------------------------

--
-- Table structure for table `foto`
--

CREATE TABLE `foto` (
  `id_foto` int(11) NOT NULL,
  `id_gallery` int(11) NOT NULL,
  `ket_foto` varchar(100) NOT NULL,
  `foto_gallery` text NOT NULL
) ENGINE=InnoDB DEFAULT CHARSET=utf8mb4 COLLATE=utf8mb4_general_ci;

--
-- Dumping data for table `foto`
--

INSERT INTO `foto` (`id_foto`, `id_gallery`, `ket_foto`, `foto_gallery`) VALUES
(1, 1, 'a', ''),
(2, 1, 'b', ''),
(15, 4, 'pemandangan pantai', 'foto_pink3.jpg'),
(16, 4, 'keindahan bawah laut', 'foto_pink1.jpg'),
(18, 5, 'Sebelum acara pemakaman dimulai', 'foto_tana1.jpg'),
(19, 5, 'Pemakaman masyarakat desa', 'foto_tana2.jpg'),
(20, 5, 'Ritual adat', 'foto_tana3.jpg'),
(22, 7, 'Banyak bunga', 'foto_garden11.jpg'),
(23, 7, 'Pemandangan', 'foto_garden2.jpg'),
(24, 7, 'Koleksi bunga', 'foto_garden3.jpg'),
(25, 7, 'Berbunga bunga', 'Keukenhof.jpg'),
(26, 4, 'foto', 'foto_pink2.jpg');

-- --------------------------------------------------------

--
-- Table structure for table `gallery`
--

CREATE TABLE `gallery` (
  `id_gallery` int(11) NOT NULL,
  `nama_gallery` text NOT NULL,
  `sampul_gallery` text NOT NULL
) ENGINE=InnoDB DEFAULT CHARSET=utf8mb4 COLLATE=utf8mb4_general_ci;

--
-- Dumping data for table `gallery`
--

INSERT INTO `gallery` (`id_gallery`, `nama_gallery`, `sampul_gallery`) VALUES
(4, 'Pink Beach', 'beachh.jpg'),
(5, 'Tana Torajaa', 'tanatoraja.jpg'),
(7, 'Keukenhof Garden', 'Keukenhof.jpg');

-- --------------------------------------------------------

--
-- Table structure for table `konten`
--

CREATE TABLE `konten` (
  `id_konten` int(10) NOT NULL,
  `gambar_konten` varchar(50) NOT NULL,
  `judul_konten` text NOT NULL,
  `id_penulis` int(10) DEFAULT NULL,
  `sub_judul` text NOT NULL,
  `isi_konten` text NOT NULL,
  `jenis_konten` varchar(25) NOT NULL,
  `tgl_konten` date NOT NULL DEFAULT current_timestamp()
) ENGINE=InnoDB DEFAULT CHARSET=utf8mb4 COLLATE=utf8mb4_general_ci;

--
-- Dumping data for table `konten`
--

INSERT INTO `konten` (`id_konten`, `gambar_konten`, `judul_konten`, `id_penulis`, `sub_judul`, `isi_konten`, `jenis_konten`, `tgl_konten`) VALUES
(33, 'disney.jpg', 'Disneyland', 3, 'Destinasi Terbaik untuk Merayakan Liburan yang Mempesona', '<p>Halo pembaca setia! Pada kesempatan kali ini, saya ingin berbagi pengalaman pribadi saya saat mengunjungi Tokyo Disneyland di Jepang. Disneyland yang berlokasi di distrik Maihama kota Urayasu, bagian barat laut Chiba, luas Tokyo Disneyland mencapai 465 ribu meter persegi, dan cara menuju Tokyo Disneyland yang cukup mudah dengan naik kereta.<br />\r\nUntuk mencapai sana, naiklah kereta JR jalur Keiyo Line/Musashino Line dari Stasiun Tokyo dan turun di Stasiun Maihama. Memakan perjalanan waktu sekitar 15 menit dengan ongkos 220 Yen atau kalo di Rupiah kan sekitar Rp24.000. Dan Stasiun Maihama, kalian bisa jalan kaki lima menit atau monorail Disney Resort Line yang menghubungkan sejumlah destinasi populer di resor ini.<br />\r\nHarga tiketnya mulai dari 260 yen yang kalo di Rupiahkan sekitar Rp.28.000 untuk dewasa dan 130 Yen kalo di Rupiah sekitar Rp.14.000 untuk anak-anak. Selain naik kereta, kalian juga bisa naik bus untuk menuju Tokyo Disneyland. Dan memakan waktu tempuhnya lebih lama, sekitar 30-50 menit, tergantung dari mana kamu berangkat. Biayanya juga sekitar 50 persen lebih mahal dibandingkan naik kereta. Kalian bisa memilih yang paling nyaman untuk kalian.<br />\r\nHari itu, saya tiba di Tokyo Disneyland dengan hati yang berdebar-debar. Saat melihat kastil indah dan warna-warni Mickey Mouse yang ikonik di pintu masuk, saya merasa semakin bersemangat. Hari itu Langit biru cerah dan semua orang &nbsp;bersemangat.<br />\r\nPertama-tama, saya memutuskan untuk menjelajahi Main Street USA, jalan utama yang mengingatkan saya pada suasana kota Amerika pada tahun 1900-an. Di sepanjang jalan ini, terdapat berbagai toko suvenir yang menawarkan beragam merchandise Disney, saya juga membeli beberapa pernak-pernik lucu sebagai kenang-kenangan.<br />\r\nSetelah itu, saya memutuskan untuk melanjutkan petualangan saya dengan mengunjungi Fantasyland. Di sini, saya menemukan kastil Sleeping Beauty yang megah. Saya masuk ke dalam dan menemukan galeri yang menampilkan kisah-kisah Disney yang penuh warna. Tidak jauh dari sana, ada wahana Peter Pan&#39;s Flight yang membawa saya terbang di atas London, mengeksplorasi Neverland, dan merasakan sensasi tak terlupakan.<br />\r\nLalu saya menjelajahi Adventureland. Tempat ini sangat indah dengan taman yang dirancang seperti hutan tropis. Kemudian tak lupa saya menjelajahi Pirates of the Caribbean, wahana berlayar yang membawa saya ke dunia bajak laut yang menyenangkan. Sore harinya, saya memutuskan untuk berkunjung ke Tomorrowland. Atmosfer futuristik dan teknologi yang canggih menghiasi wilayah ini. Saya menaiki wahana Space Mountain dan merasakan sensasi meluncur dengan cepat di antariksa.<br />\r\nTentu saja, perjalanan ke Tokyo Disneyland tidak lengkap tanpa menonton parade dan pertunjukan panggung. Saya berdiri di tepi jalan saat parade Electrical Parade Dreamlights melewati dengan kendaraan yang berkilauan dan karakter Disney yang ikonik. Pertunjukan malam di depan kastil Sleeping Beauty dengan kilauan kembang api yang menakjubkan benar-benar membuat saya terpesona. Begitulah perjalanan saya di sana, Tokyo Disneyland benar-benar memenuhi harapan saya.<br />\r\nHarga tiket masuk ke Tokyo Disneyland dapat berbeda tergantung pada beberapa faktor seperti waktu kunjungan, jenis tiket, dan usia pengunjung.<br />\r\nBerikut ini adalah perkiraan harga tiket masuk untuk dewasa (usia 18 tahun ke atas) pada saat penulisan ini:</p>\r\n\r\n<p>Tiket Harian: Sekitar &yen;8.200 hingga &yen;8.900 (sekitar $75 hingga $82 USD).</p>\r\n\r\n<p>Tiket 2 Hari: Sekitar &yen;16.400 hingga &yen;17.800 (sekitar $150 hingga $163 USD).</p>\r\n\r\n<p>Tiket 3 Hari: Sekitar &yen;24.600 hingga &yen;26.700 (sekitar $225 hingga $244 USD).<br />\r\nHarga tiket anak-anak (usia 4 hingga 11 tahun) biasanya lebih murah daripada harga tiket dewasa.</p>\r\n\r\n<p>Harga tiket dapat berubah dari waktu ke waktu, terutama saat periode liburan atau saat ada acara khusus di Tokyo Disneyland. Oleh karena itu, sangat disarankan untuk memeriksa situs resmi Tokyo Disneyland untuk mendapatkan informasi harga tiket yang akurat dan terbaru sebelum merencanakan kunjungan kalian.</p>\r\n\r\n<p>Jika Anda mencari petualangan yang mempesona dan penuh keajaiban, Tokyo Disneyland adalah tempat yang tepat untuk dikunjungi. Terimakasih telah membaca cerita perjalanan saya ke Tokyo Disneyland. Jika Anda memiliki kesempatan, jangan ragu untuk mengunjungi Tokyo Disneyland dan menciptakan kenangan indah sendiri. Sampai jumpa di petualangan berikutnya!</p>\r\n', 'Mancanegara', '2023-12-03'),
(34, 'destinasi-liburan-labuan-bajo.jpg', 'Pink Beach', 5, 'Cerita Dari Surga Tropis Pink Beach', '<p>Hello again, dan selamat datang kembali di Tourist View! Terima kasih telah kembali ke website kami. Pada perjalanan kali ini, kita akan mengunjungi sebuah surga tropis yang masih tersembunyi di Nusa Tenggara Timur - Pink Beach.</p>\r\n\r\n<p>Dari Sabang di ujung barat hingga Merauke di posisi ujung timur, bentangan pantainya tak terukur. Namun, ada satu lagi yang menarik dari pantai-pantai di negeri ini, sebuah pantai dengan pasir berwarna pink yang memiliki pesona underwater yang memukau, yaitu Pink Beach di Pulau Komodo.</p>\r\n\r\n<p>Perjalanan saya dimulai dengan penerbangan menuju Bandar Udara Internasional Komodo. Kali ini kami juga menempuh jalur darat dan laut. Dengan menggunakan kapal nelayan, waktu yang diperlukan sekitar 30 menit dari Loh Liang. Ada tips bagi kalian yang ingin menuju pantai menggunakan kapal nelayan, sebaiknya gunakan kapal yang kecil, karena kapal besar akan sulit merapat ke pantai.</p>\r\n\r\n<p>Jika kalian menggunakan jalur udara kalian bisa menaiki pesawat menuju Bandar Udara Internasional Komodo. Dari Labuan Bajo, perjalanan dilanjutkan dengan berlayar dari Dermaga Loh Liang, Pulau Komodo menuju Pink Beach. Kamu hanya memerlukan waktu sekitar 1 jam dari pelabuhan Kota Labuan Bajo menggunakan kapal.</p>\r\n\r\n<p>Namun, karena Pulau Komodo masuk dalam kawasan Taman Nasional, diperlukan surat izin terlebih dahulu sebelum memasukinya. Untuk memperoleh izin, kita harus mengisi formulir data pribadi, menandatanganinya, dan baru kita bisa memasuki Pulau Komodo.</p>\r\n\r\n<p>Saat pertama kali melihat Pink Beach, saya benar-benar terpesona oleh keindahan alamnya. Pasir berwarna merah muda yang halus dan air laut yang jernih menciptakan kontras yang luar biasa bukan hanya keindahan pantainya, tetapi juga kehidupan bawah air di Pink Beach begitu memukau. Warna pink dari pasir pantai ini berasal dari proses alami. Serpihan karang merah, cangkang kerang, kalsium karbonat invertebrate laut kecil, dan porifera atau spons laut tercampur membentuk komposisi warna unik yang menonjol di sepanjang pantai ini.</p>\r\n\r\n<p>Saat saya berada di Pink Beach, banyak aktivitas yang saya lakukan, seperti berenang, bermain pasir, snorkeling, diving, mendaki Bukit Sabana, atau bahkan hanya duduk bersantai. Jangan lupa untuk mengabadikan momen indahmu di sini ya!</p>\r\n\r\n<p>Sedikit tips dari saya sebelum kalian menuju ke pink beach :<br />\r\n* Jika anda berniat snorkeling, jangan lupa membawa baju ganti<br />\r\n* Jika datang saat siang, jangan lupa topi dan kacamata untuk melindungi diri. Oleskan sunscreen dan sunblock ya!<br />\r\n* Karena pulau ini tak berpenghuni, maka tidak ada yang berjualan makanan di sini. Jadi bawa bekal makanan dan minuman kalau ke sini ya.<br />\r\n* Bawa serta sampah kita<br />\r\n* Jangan membawa dan meninggalkan apapun di pulau ini. Jagalah kebersihannya.</p>\r\n\r\n<p>Bagaimana, apakah dari kalian ada yang tertarik mengunjungi nya? Jika kalian mencari tempat yang memukau, eksotis, dan penuh petualangan, Pink Beach adalah destinasi yang wajib dikunjungi. Jangan lewatkan pengalaman tak terlupakan ini!</p>\r\n\r\n<p>Terima kasih telah menemani saya dalam perjalanan ini. Sampai bertemu lagi dalam petualangan berikutnya hanya di Tourist View. See You Again ٩(＾◡＾)۶</p>\r\n', 'Nusantara', '2023-12-03'),
(35, 'wae.jpg', 'Desa Wae Rebo', 1, 'Terisolir Di Balik Gunung Dengan Kehidupan Tradisional Yang Kaya Akan Budaya', '<p>Welcome to Tourist View edisi menjelajah Desa Wae Rebo. Hi guys, bagi kalian yang berencana berkunjung ke Nusa Tenggara Timur kali ini kami akan berbagi cerita dan informasi mengenai perjalanan kami di salah satu destinasi wisata menakjubkan yang terletak di Nusa Tenggara Timur yang berjarak 150km dari Bandar Udara Internasional Komodo yaitu Desa Wae Rebo.<br />\r\nUntuk kalian yang belum tahu, desa ini merupakan sebuah Desa ini miliki Ketinggian 1.200 meter di atas permukaan laut. Tidak mudah untuk sampai di desa Waerebo, menempuh perjalanan sekitar 6 kilometer dari Desa Dintor ke Desa Denge dengan menyeberangi motor atau mobil. Setelah sampai di Desa Denge dilanjutkan dengan melakukan pendakian selama kurang lebih 3 - 4 jam. Saya sarankan bagi kalian untuk membawa bekal yang cukup pada saat perjalanan ya, karena kita menempuh perjalanan yang sangat jauh juga dengan berjalan kaki. Dalam perjalanan juga tersedia pondok-pondok kecil untuk kita beristirahat sejenak.<br />\r\nLalu kami melewati daerah terpencil dengan dikelilingi pemandangan hutan dan juga menyeberangi sungai serta melintasi beberapa jurang. Perjalanan yang begitu panjang dan melelahkan tapi terbayar oleh keindahan alam dengan pemandangan gunung yang dipenuhi hijaunya pepohonan Desa Wae Rebo.<br />\r\nSetelah kita sampai di pos terakhir, kita harus mengetuk bambu, hal ini dilakukan untuk memberikan informasi kepada para penduduk desa bahwa ada tamu yang akan datang dan mengunjungi desa mereka. Kesan pertama saya ketika melihat desa ini adalah, bahwa desa ini memiliki udara yang sangat sejuk, tak heran desa ini disebut desa di atas awan.<br />\r\nRumah adat desa ini disebut Mbaru Niang dan terdapat 7 Mbaru Niang di Wae Rebo yang tersusun melingkar mengitari batu melingkar yang disebut compang sebagai titik pusatnya. Rumah ini memiliki 5 lantai. Lantai 1 untuk tempat tinggal, lantai 2 untuk menyimpan cadangan makanan, lantai 3 untuk menyimpan benih, lantai 4 juga untuk menyimpan cadangan makanan namun untuk jangka waktu panjang. Dan lantai 5 untuk tempat menyimpan sesajen yang masyarakat desa buat setiap satu kali membuat rumah.<br />\r\nDi desa ini kami banyak menghabiskan waktu berkeliling sekitar desa, kebun dan berkumpul dengan masyarakat maupun anak-anak setempat. Masyarakat disini umumnya menenun, mengayam, bertani dan berkebun. Desa ini juga terkenal dengan kopi mereka, Untuk kalian yang menyukai kopi wajib untuk mencoba kopi dari Desa Wae Rebo yang khas.<br />\r\nUntuk mengunjungi desa ini, pengunjung memilih 2 pilihan, yaitu sekedar berkunjung ataupun menginap. Untuk Tour Desa tanpa menginap kalian bisa membayar Rp.200.000,00 dan Rp.350.000,00 untuk Tour Desa menginap per malam<br />\r\nUntuk informasi tambahan sebagai berikut:<br />\r\n- Tour Guide local Rp.250.000,00 - Rp. 300.000,00<br />\r\n- Ongkos ojek Denge Runteng ke Jembatan Terakhir Rp.25.000,00<br />\r\n- Ongkos ojek Runteng ke denge Rp.150.000,00 - Rp.200.000,00<br />\r\n- Ongkos Truk kayu Ruteng ke Denge Rp. 30.000,00<br />\r\nMelalui perjalanan ini, saya telah belajar banyak tentang keragaman budaya, ketekunan, dan kekuatan kebersamaan. Saya berharap bahwa tulisan dan cerita perjalanan ini dapat menginspirasi Anda, para pembaca, untuk menjelajahi tempat-tempat baru, menemukan keajaiban-keajaiban yang tersembunyi, dan menghargai warisan budaya yang berharga di sekitar kita.<br />\r\nTerima kasih telah menemani saya dalam perjalanan ini. Sampai bertemu lagi dalam petualangan berikutnya dan sampai jumpa lagi, Desa Wae Rebo!</p>\r\n', 'Mancanegara', '2023-12-03'),
(38, 'bunaken.jpg', 'Taman Nasional Bunaken', 5, 'Menyelusuri Keindahan Taman Nasional Bunaken', '<p>Hello sahabat tourist view, jumpa lagi dengan saya, kali ini saya akan menceritakan pengalaman ke taman nasional bunaken yang terkenal. Tak ada yang dapat menandingi keajaiban alam Indonesia, dan pengalaman terbaru saya di Taman Nasional Bunaken di Sulawesi Utara membuktikan hal tersebut. Merupakan suatu kehormatan bisa menyajikan kisah perjalanan saya yang penuh kegembiraan dan kekaguman di tempat ini.</p>\r\n\r\n<p>Persiapan Menuju Bunaken, Perjalanan dimulai dari Bandara Internasional Sam Ratulangi di Manado. Meskipun cukup dekat, perjalanan darat dan laut yang mengarah ke Bunaken menambahkan sentuhan petualangan. Menggunakan kapal tradisional, perjalanan menyusuri perairan biru jernih membawa saya semakin dekat dengan destinasi yang penuh misteri.</p>\r\n\r\n<p>Sesampainya di Bunaken, saya menyadari bahwa penginapan di sini tidak hanya sekadar tempat beristirahat, tetapi juga merupakann bagian dari pengalaman wisata. Penginapan yang berada di tepi pantai memberikan pemandangan matahari terbenam yang spektakuler, sementara kenyamanan dan keramahan staf membuat saya merasa seperti di rumah.</p>\r\n\r\n<p>Bunaken terkenal sebagai surganya para penyelam, dan saya tak sabar untuk menyelam ke dalam keindahan bawah lautnya. Setelah sesi briefing yang profesional, saya menjelajahi terumbu karang yang penuh warna, disertai gerombolan ikan-ikan yang menari-nari di sekitar saya. Keanekaragaman hayati yang luar biasa dan keseimbangan ekosistem yang terjaga membuat pengalaman ini sangat berkesan.</p>\r\n\r\n<p>saya bertemu dengan Kehidupan Bawah Laut yang Unik. Tidak hanya terumbu karang, namun juga pertemuan dengan makhluk laut yang langka seperti penyu hijau dan hiu karang menambah daya tarik wisata ini. Panduan penyelaman yang berpengetahuan luas tidak hanya memandu, tetapi juga membagikan pengetahuan tentang kehidupan laut yang menakjubkan. Namun, Bunaken tidak hanya memukau di bawah lautnya, tetapi juga di daratan.&nbsp;</p>\r\n\r\n<p>Saya menjelajahi pulau ini dengan trekking melalui hutan hijau yang lebat dan menikmati pemandangan laut yang mengagumkan dari atas bukit. Kombinasi antara keindahan alam dan ketenangan pulau membuatnya menjadi tempat yang sempurna untuk bersantai dan merenung.</p>\r\n\r\n<p>Pergi dari Bunaken membawa pulang kenangan indah dan pengalaman yang tak terlupakan. Terimalah keramahan penduduk lokal, kecantikan alam, dan kekayaan bawah laut yang menjadi ciri khas Taman Nasional Bunaken. Bunaken benar-benar menjadi surga bagi para pencinta alam dan penyelam. Perjalanan ini mengingatkan saya akan keajaiban Indonesia dan memberikan dorongan semangat untuk menjelajahi lebih banyak destinasi di negeri yang kaya ini. Jika Anda mencari pengalaman wisata yang mendalam dan tak terlupakan, Taman Nasional Bunaken adalah pilihan yang sempurna. Termakasih telah menemani perjalanan tourist view edisi menjelajahi taman nasional bunaken.</p>\r\n', 'Nusantara', '2023-12-03'),
(39, 'goa.jpg', 'Goa Jomblang', 4, 'Mendekati Keindahan Dalam Kegelapan', '<p>Hello viewers, Perjalanan tourist view Kali ini akan menuju Kabupaten Gunung Kidul, untuk melakukan caving di Goa Jomblang yang ada di Gunung Kidul Yogyakarta berdasarkan informasi yang kami peroleh, Goa ini Merupakan goa vertikal yang terjadi akibat runtuhnya tanah dan vegetasi akibat proses geologi.</p>\r\n\r\n<p>Goa ini juga biasa disebut juga sebagai Goa Vertikal karena memang mulut goa berada diatas permukaan tanah dan bisa untuk masuk ke dalamnya.Berwisata ke tempat ini kalian harus memiliki keahlian bermain dengan tali agar bisa mencapai bagian dasar goa. Ini adalah sebuah kegiatan yang wajib untuk dicoba.</p>\r\n\r\n<p>Namun, jangan khawatir untuk kalian yang pertama kali mengujunginya, Keamanan sangat diutamakan disini, jadi setiap pengunjung harus memakai perlengkapan keamanan seperti helm dan sepatu boot. Pengelola Goa Jomblang telah menyiapkan peralatan untuk vertical caving, yaitu SRT (Single Rope Technique) dan peralatan keamanan.</p>\r\n\r\n<p>Nantinya kamu akan diberi pelatihan singkat tentang bagaimana cara menuruni goa dengan aman dan diberi penjelasan singkat tentang prosedur caving yang aman untuk pemula. Tak hanya itu, kamu juga bakal ditemani oleh pemandu yang pastinya sudah menguasai medan goa tersebut.</p>\r\n\r\n<p>Saya begitu dimanjakan ketika turun menuju ke dasar gua. bagi kalian yang pemula kalian hanya harus duduk dan perlahan turun ke dasar gua sambil memencet shutter mengabadikan pemandangan sekitar gua.</p>\r\n\r\n<p>Medan goa ini dikatakan menantang dengan kedalaman yang bervariasi. Untuk pemula dapat melalui jalur 15 meter, dimana jalur ini masih bisa ditapaki oleh kaki sekalipun kondisinya cukup terjal. Sedangkan bagi yang ahli dapat melewati jalur setinggi 40 meter, 60 meter, dan 80 meter.</p>\r\n\r\n<p>Saat menyusuri lorong goa pengunjung dapat melihat stalaktit dan stalagmit di atasnya. Meneruskan perjalanan sejauh 300 meter, pengunjung akan mendapati Luweng Grubug. Di tempat tersebut pengunjung akan melihat pemandangan yang disebut dengan &lsquo;cahaya surga&rsquo;. saat melihat ini, kesulitan kalian untuk mencapai goa akan terbayar.</p>\r\n\r\n<p>Dimana cahaya matahari masuk ke dalam goa dan menyinari flowstone, pemandangan ini sangat kontras dengan kedalaman goa yang gelap gulita. Saya rekomendasikan untuk Waktu terbaik berada di Goa Jomblang yaitu pukul 09.00 hingga 12.00, dimana matahari menyinari mulut goa.</p>\r\n\r\n<p>Di sisi lain goa terdapat aliran air sungai yang berasal dari Kali Suci. Di musim kemarau, pengunjung bisa bermain air di sini karena arus sungainya tidak terlalu besar. Namun berhati-hatilah jika kalian berkunjung saat musim hujan, karena menjelang akhir musim hujan, sepanjang rute penelusuran begitu berlumpur.</p>\r\n\r\n<p>Untuk biaya sewa akan dikenakan tarif sekitar harga Rp. 450.000,00 hingga Rp. 1.000.000,00 per orang. harga tersebut sudah termasuk paket vertical caving lengkap dengan pemandu, peralatan, dan makan siang. Jika pengunjung membawa alat caving sendiri hanya perlu meminta izin kepada pengelola atau kepala dukuh di sini. Bagi kalian yang hanya ingin menikmati Goa Jomblang tidak dikenakan tiket masuk alias gratis.</p>\r\n\r\n<p>Pengunjung yang membawa kendaraan akan dikenakan tarif sebesar Rp. 3.000,00 untuk sepeda motor dan Rp. 5.000,00 untuk mobil. Fasilitas yang Tersedia seperti pendukung wisata, seperti musholla, toilet atau kamar mandi, hingga persinggahan atau penitipan barang di rumah Kepala Dukuh.</p>\r\n\r\n<p>Jarak yang kami tempuh menuju Goa Jomblang dari Kota Yogyakarta sekitar 50 kilometer dengan waktu tempuh sekitar 1 jam 15 menit. Bagi kalian yang belum dan ingin mencoba untuk caving, tempat ini wajib untuk kalian coba.</p>\r\n\r\n<p>Terimakasih telah membaca ulasan dari kami. Hidup adalah tentang menciptakan kenangan, jadi jangan ragu untuk menjelajahi tempat-tempat baru dan menciptakan cerita indah. Sampai jumpa lagi di perjalanan kami berikut nya.</p>\r\n', 'Nusantara', '2023-12-03'),
(40, 'Keukenhof.jpg', 'Keukenhof Garden', 4, 'A Heaven for Flower Enthusiasts', '<p>Halo pembaca yang saya cintai! Pada kesempatan kali ini, saya sangat bersemangat untuk berbagi pengalaman pribadi saya saat mengunjungi Keukenhof, taman bunga yang indah di Belanda. Belanda dikenal dengan keindahan taman-tamannya yang menakjubkan, dan salah satu yang paling terkenal adalah Taman Keukenhof.</p>\r\n\r\n<p>Terletak di Lisse, sekitar 30 kilometer dari ibu kota Amsterdam, Taman Keukenhof adalah surga bagi para pecinta bunga. Setiap tahunnya, taman ini menarik jutaan pengunjung dari seluruh dunia. Taman Keukenhof dibuka hanya selama delapan minggu setiap musim semi, mulai dari akhir Maret hingga awal Mei. Selama periode tersebut, taman ini menjadi pemandangan yang luar biasa dengan ribuan bunga yang mekar indah.</p>\r\n\r\n<p>Taman seluas 79 hektar ini menawarkan pemandangan yang menakjubkan, dengan lahan hijau yang luas, dan sungai-sungai kecil yang mengalir di sekitarnya. Ketika saya pertama kali tiba di Keukenhof, saya langsung terpesona oleh keindahan luar biasa yang menanti di hadapan saya. Taman ini adalah surga bunga yang memukau.</p>\r\n\r\n<p>Saat saya masuk melalui gerbang utama, aroma harum bunga-garden segar langsung memenuhi udara dan memberikan suasana yang memikat. Daya tarik utama Taman Keukenhof adalah bunga tulip yang ikonik. Anda akan menemukan berbagai macam varietas tulip yang berbeda, dengan warna-warni yang mengagumkan.</p>\r\n\r\n<p>Selain tulip, ada juga bunga-garden lain seperti mawar, krokus, hidroponik, dan banyak lagi. Anda akan terpesona dengan keindahan dan aroma yang menguar dari bunga-garden ini.</p>\r\n\r\n<p>Setelah memasuki taman, saya berjalan-jalan melewati berbagai tembok bunga yang menakjubkan, ladang tulip yang berwarna-warni, dan taman-taman tema yang menampilkan koleksi bunga yang beragam. Selama berjalan-jalan, saya tidak bisa menahan diri untuk berhenti di setiap sudut taman untuk mengabadikan momen saya ketika berada disana.</p>\r\n\r\n<p>Anda dapat menjelajahi taman dengan berjalan kaki atau menyewa sepeda untuk mengelilingi area yang lebih luas. Tersedia juga perahu sewa untuk menikmati pemandangan dari sungai-sungai kecil yang melintasi taman. Selama berada di Taman Keukenhof, jangan lewatkan untuk mengunjungi paviliun bunga, di mana Anda dapat melihat pameran bunga pot yang menakjubkan.</p>\r\n\r\n<p>Terdapat juga area khusus untuk anak-anak, dengan wahana permainan dan peternakan hewan yang menyenangkan. Selain itu, taman ini juga menyelenggarakan berbagai acara dan pertunjukan, seperti konser musik dan festival tari, yang menambah pengalaman Anda di sini.</p>\r\n\r\n<p>Bagi pecinta taman, Taman Keukenhof adalah tempat yang harus kalian kunjungi. kalian dapat menjelajahi taman ini sepanjang hari dan menemukan keindahan alam yang menakjubkan. Terutama jika kalian memiliki kecintaan terhadap bunga-garden, tempat ini adalah tempat yang sempurna untuk melihat dan mengagumi berbagai macam bunga yang indah.</p>\r\n\r\n<p>Untuk menuju ke Taman Keukenhof, Anda dapat menggunakan transportasi umum seperti bus atau kereta api dari Amsterdam. Perjalanan singkat ini akan membawa Anda ke destinasi yang tak terlupakan. Namun, ingatlah untuk memeriksa jadwal pembukaan taman, karena Taman Keukenhof hanya buka selama periode tertentu setiap tahunnya.</p>\r\n\r\n<p>Saya berterima kasih telah membaca cerita perjalanan pribadi saya ke Keukenhof. Semoga kalian juga dapat merasakan keindahan yang sama. Jika Anda memiliki kesempatan, jangan lewatkan kunjungan ke Keukenhof untuk merasakan keindahannya secara langsung. Sampai jumpa di petualangan kami berikutnya!</p>\r\n', 'Mancanegara', '2023-12-03'),
(45, 'tana.jpg', 'Tana Toraja', 7, 'Memasuki Pintu Gerbang Dan Menelusuri Kebudayaan Desa Kete Kesu', '<p>Desa Kete Kesu, Toraja Utara - merupakan desa tradisional yang usianya diperkirakan mencapai 400 tahun. Di desa ini, wisatawan dapat melihat rumah adat Tongkonan yang berjajar rapi serta upacara adat rambu solo, yang merupakan upacara kematian.</p>\r\n\r\n<p>Dinding rumah adat Tongkonan dihiasi dengan tanduk kerbau dan ukiran indah sebagai penanda status pemilik rumah. Rumah adat Tongkonan memiliki ciri khas atap seperti perahu. Proses pembuatannya dibantu oleh seluruh anggota keluarga. Tongkonan Kete Kesu dibuat pertama kali pada abad ke-17. Tidak jauh dari Tongkonan, ada bantu menhir di tengah sawah sebagai jalan menuju bukit Buntu Kesu.</p>\r\n\r\n<p>Bukit itu merupakan situs pemakaman kuno yang berusia 700 tahun. Jalur menuju bukit banyak berserakan tengkorak dan tulang manusia, beberapa diantaranya menumpuk pada suatu bejana. Pada tebing bukit terdapat lubang untuk menguburkan mayat. Dalam tradisi setempat, warga yang berdarah bangsawan akan dimakamkan di lubang tinggi, sedangkan orang biasa di kaki bukit.</p>\r\n\r\n<p>Masyarakat bisa membayar Rp.5.000 untuk warga lokal dan warga asing Rp.10.000 untuk menyaksikan upacara di kawasan Kete Kesu. Untuk masuk di Desa Kete Kesu, terdapat bus dari Makassar menuju Rantepao Toraja. Perjalanan menuju Rantepao akan ditempuh dalam waktu delapan jam. Setelah itu, Anda harus melanjutkan perjalan ke Desa Kete Kesu dalam waktu satu jam. Jarak tempuh dari Makassar menuju Desa Kete Kesu kurang lebih 316 Km.</p>\r\n\r\n<p>Saat disana saya juga berkesempatan untuk mengunjungi dan melihat tradisi pemakaman masyarakat Desa Kete Kesu Tana Toraja. Nama ritual ini yaitu Rambu Solo yaitu upacara yang bertujuan untuk menghormati dan mengantarkan arwah seseorang yang telah meningal ke alam roh. Upacara ini dilakukan saat waktu sudah melewati jam 12 siang.</p>\r\n\r\n<p>Untuk persiapan nya akan memakan waktu yang sangat panjang, Dimulai dari pertemuan keluarga untuk membahas upacara, lalu akan dilanjutkan dengan membeli banyak barang dan peralatan ritual serta membuat sebuah pondok upacara untuk menyediakan akomodasi bagi tamu yang diundang. Ada beberapa perbedaan pada upacara yang diadakan di berbagai komunitas adat Toraja namun tujuan nya tetap sama.</p>\r\n\r\n<p>Saat sampai pengunjung akan disambut dengan hamparan sawah yang sangat luas dengan beberapa kerbau yg sedang di gembalakan. Bagi masyarakat Toraja kerbau diangap sebagai hewan yang suci. Diyakini akan mengiringi arwah yg meninggal ke alam roh. Semakin banyak kerbau yg digunakan mereka yakin maka arwah akan semakin cepat menuju alam roh mereka.</p>\r\n\r\n<p>Setelah mendekati tempat upacara acara maka akan ada sebuah tongkonan kecil yang diletakan diantara tongkonan besar. Di tongkonan kecil itulah jenazah yang akan melakukan upacara diletakan.</p>\r\n\r\n<p>Sementara itu kaum wanita mempersiapkan masakan untuk para tamu yang akan datang. Masakan didominasi babi yang merupakan masakan yang ditunggu para tamu. Tamu yg datang yaitu kerabat dekat keluarga dan setiap keluarga itu akan menempati 1 tongkonan.</p>\r\n\r\n<p>Sambil menunggu masakan. Para tamu yang hadir diminta membuat lingkaran mengelilingi tongkonan yang mengelilingi jenazah sambil bergerak berlawanan arah jarum jam dan diiringi pembacaan mantra, lalu diselingi dengan pembacaan khotbah secara kristiani dipimpin pendeta.</p>\r\n\r\n<p>Setelah itu kaum wanita akan membawa keluar masakan ke tiap tongkonan. Para tamu kerabat dan wisatawan yang hadir bersama sama dipersilahkan menyantap masakan, setelah upacara makan siang upacara dilakukan dengan sesi foto. Keluarga jenazah dipersilahkan mengabaikan gambar bersama tongkongan yang berisi jenazah.</p>\r\n\r\n<p>Prosesi selanjutnya mereka mengelilingi jenazah dengan menyebut mantra penghantar arwah dan barulah peti jenazah dilepaskan dari tongkonan kemudian peti dibawa ke lokasi makan yg ada di sekitar lokasi pemberkatan. Sebelum dibawa peti itu sengaja digoyang oleh semua tamu yang hadir. Sampai di peti tersebut tidak dikubur di tanah melainkan masuk ke dalam goa atau rumah kecil yang khusus menyimpan peti jenazah.</p>\r\n\r\n<p>Peti yang dimasukkan menandakan bahwa sang roh sudah tidak ada lagi di dunia, mereka mempercayai bahwa jenazah sudah diantar oleh kerbau kerbau yg sudah disembelih sebelum mereka melepaskan jenazah. Kerbau yang digunakan juga bukan kerbau biasa, misalnya kerbau harus yang tanduknya kuning dan lain-lain.</p>\r\n\r\n<p>Rambu solo memakan biaya pelaksanaan sangat. Upacara ini dikatakan wajib, maka jika keluarga belum ada dana mereka akan tetap menabung untuk melaksanakan upacara. Ada lagi budaya bagi kerabat yg sudah meninggal maka akan dibuat patung kayu yaitu patung yang bernama Tau-tau</p>\r\n\r\n<p>Tau-tau yaitu patung kayu yg menyerupai manusia yang merupakan replika kerabat yg sudah meninggal. Dan tau tau ini akan diletakan di perbukitan atau goa tempat mereka meletakan peti mayat jenazah. Kayu yang digunakan untuk membuat Tau-tau juga berbeda tergantung kasta.</p>\r\n\r\n<p>Seperti itulah perjalanan saya kali ini yang sangat kental akan budaya dan keakraban masyarakatnya. Wisata kali ini menjadi tempat yang istimewa untuk mengenal dan menghargai keberagaman budaya Indonesia.</p>\r\n\r\n<p>Terima kasih telah membaca blog ini, semoga informasi dan cerita yang saya bagikan dapat menjadi panduanmu dalam merencanakan perjalanan. Sampai jumpa lagi!</p>\r\n', 'Nusantara', '2023-12-03'),
(49, 'jam.jpg', 'Jam Gadang', 4, 'Simbol Megah Kota Bukittinggi', '<p>Selamat datang kembali di Tourist View. Kali ini edisi perjalanan kami ada di Kota Bukittinggi, Sumatera Barat, yaitu Jam Gadang. Jam Gadang adalah menara jam yang menjadi ikon kota Bukittinggi yang merupakan tempat wisata berbentuk menara jam yang berada di pusat Kota Bukittinggi, dengan dikelilingi taman tempat masyarakat biasa berkumpul.</p>\r\n\r\n<p>Jam Gadang terletak di Jalan Raya Bukittinggi, Payakumbuh, Benteng Pasar Ateh, Kota Bukittingi. Dari Bandara Internasional Minangkabau akan memakan waktu kurang lebih 2 jam.</p>\r\n\r\n<p>Jalanan menuju Bukittingi dari Padang Panjang Sumatera Barat begitu berliku. Perjalanan dari Kota Padang menuju Bukittinggi biasanya ditempuh dengan waktu dua jam perjalanan. Di sepanjang perjalanan, mata tak henti-henti melihat ke arah jendela mobil sambil melihat pesona alam Ranah Minang yang indah.</p>\r\n\r\n<p>Sesuai bentuknya, menara ini memiliki jam besar di keempat sisinya dimana masing - masing diameternya mencapai ukuran 80 cm. Jam- jam tersebut didatangkan langsung dari Rotterdam, Belanda melalui pelabuhan Teluk Bayur. Ke empat jam itu digerakkan oleh mesin yang hanya ada dua di dunia. Jam Gadang berasal dari bahasa minang yang artinya &lsquo;Jam Besar&rsquo;.</p>\r\n\r\n<p>Dari luar tampak bangunan jam Gadang terlihat ciamik. Bagian dalamnya terdiri dari empat tingkat, sebelum lantai puncak. Menara ini dibangun tanpa menggunakan besi penyangga dan adukan semen ini hanya memanfaatkan campuran bahan kapur, pasir putih, dan putih telur.</p>\r\n\r\n<p>Oleh sebab itu, bagian dalam Jam Gadang tidak terbuka untuk umum demi menjaga kelestarian bangunan. Untuk menaikinya pengunjung membutuhkan izin khusus dari dinas setempat. Pengunjung yang naik pun dibatasi hanya empat orang, untuk memastikan tidak menambah beban dan merusak kualitas bangunan.</p>\r\n\r\n<p>Pada lantai pertama, terdapat meja dan kursi yang sepertinya digunakan untuk tempat duduk pengelola. Terlihat tangga warna abu - abu yang tidak terlalu luas dan cukup curam, sehingga memang ditujukan untuk satu orang saja setiap naik dan turun tangga.</p>\r\n\r\n<p>Masing - masing lantai hanya diisi oleh tangga. Waktu yang diperlukan naik tangga untuk mencapai puncak kurang lebih lima menit. Pada lantai keempat, persis di bawah puncak menara terdapat mesin penggerak Jam Gadang.</p>\r\n\r\n<p>Naik satu tangga menuju bagian lonceng, terdapat keterangan pabrik pembuat jam pada lonceng tersebut yaitu Vortmann Relinghausen. Vortmann adalah nama belakang pembuat jam (Benhard Vortmann), sedangkan Relinghausen adalah nama Kota di Jerman.</p>\r\n\r\n<p>Setelah menemukan lonceng, kami keluar menuju area balkon puncak Jam Gadang. Angin sejuk yang semilir terasa menyegarkan, ditambah pemandangan kota Bukittinggi dari ketinggian sekitar 20 meter. Para pengunjung yang ingin mengunjungi tempat ini dapat menggunakan jasa sewa mobil yang tersedia melalui aplikasi traveloka, tiket.com, dan situs web lainnya. Para pengunjung tidak dikenakan tiket masuk, hanya biaya parkir kendaraan saja.</p>\r\n\r\n<p>Jika kalian ingin menikmati pesona Jam Gadang, waktu yang tepat untuk berkunjung adalah pada saat senja. Karena suasana saat itu bisa memberikan kesan syahdu yang mendalam. Warna matahari yang kemerahan berpadu dengan warna lampu sekitar Jam Gadang membuat pemandangan menjadi lebih menarik.</p>\r\n\r\n<p>Hal menarik lain yang kalian bisa lakukan di Bukittinggi ialah - Kalian bisa menyusuri Taman Monumen Proklamator Bung Hatta - Menikmati kuliner khas Bukittinggi - Jangan lupa abadikan banyak momen kalian saat berada disini ya! Tempat ini sangat cocok untuk dikunjungi jika kalian berada di sekitar Bukittinggi Sumatera Barat.</p>\r\n\r\n<p>Terima kasih telah mempercayai Tourist View sebagai sumber inspirasi untuk menjelajahi keindahan nusantara dan mancanegara. Terimakasih telah membaca ulasan dari kami. Sampai jumpa lagi di perjalanan kami berikut nya.</p>\r\n', 'Nusantara', '2023-12-06'),
(50, 'tmii.jpg', 'TMII', 3, 'Oase Budaya di Tengah Kota Jakarta', '<p>Taman Mini Indonesia Indah (TMII) merupakan pilihan wisata yang tepat bagi kalian yang ingin sejenak melarikan diri dari keramaian kota dan memanjakan diri dengan keindahan budaya Indonesia secara mendalam. Dengan jarak yang dekat, kalian dapat menikmati pesona budaya Indonesia dalam suasana yang autentik dan memikat. Taman ini merupakan kawasan taman wisata bertema budaya Indonesia di kawasan Jakarta Timur dan memiliki area seluas kurang lebih 150 hektare.</p>\r\n\r\n<p>Perjalanan kami kali ini berada di kawasan kota jakarta, sangat cocok untuk dikunjungi bagi para kalangan, terutama bagi para wisatawan yang ingin mengetahui tentang Indonesia. Karena tempat ini dikelola dengan baik dengan fasilitas yang lengkap pula. Bagi kalian yang ingin berkunjung ada banyak sekali pilihan seperti menaiki KRL dan Transjakarta, maupun naik transportasi ojek online</p>\r\n\r\n<p>Apabila menggunakan KRL kamu bisa turun di Stasiun Tanjung Barat, kemudian atau ojek pangkalan ke TMII dengan waktu tempuh 15 menit. Apabila menggunakan Transjakarta kamu dapat berhenti pada Halte Taman Mini Pintu 3, kemudian berjalan kedalam kurang lebih 5 menit.</p>\r\n\r\n<p>Pintu masuk TMII melalui pintu 3 sisi Keong Emas. Untuk harga tiket masuk perorang dikenakan sebesar Rp. 25.000, ada juga harga tiket masuk untuk kendaraan mobil Rp. 25.000, motor Rp. 15.000, sepeda Rp. 25.000, dan bus atau truk Rp. 50.000. jam Operasional Taman Mini ketika hari kerja (senin s.d jumat) mulai pada pukul 06.00 - 17.00 WIB, sedangkan pada akhir pekan (sabtu s.d minggu) pukul 05.00 - 17.00 WIB.</p>\r\n\r\n<p>Sebelumnya saya sudah pernah mengunjungi TMII, namun saya datang kembali usai diperbaiki. Saya sangat menyukai wajah baru Taman Mini Indonesia Indah, karena dulu saat saya berkunjung belum ada fasilitas terbaru seperti yang sekarang. Namun, ada juga fasilitas yang sudah tidak ada saat saya berkunjung kemarin.</p>\r\n\r\n<p>Setelah sampai, saya dan beberapa teman segera masuk ke pintu taman mini lalu saat didalam sudah ada shuttle bus yang siap mengantarkan saya untuk masuk lebih dalam ke kawasan Taman mini. Adapun rute untuk bus ini mengelilingi Taman Mini dengan beberapa pemberhentian di beberapa anjungan. Bus ini gratis dan menurut saya ini sangat membantu dan bis ini juga nyaman. Saat disana tentu saja saya tidak ingin melewatkan melihat beberapa anjungan dan mengambil foto juga.</p>\r\n\r\n<p>Bila kalian ingin berhemat kalian bisa mempersiapkan bekal kalian dari rumah karena disini tidak dilrang membawa makanan dari luar. Namun jangan lupa menjaga kebersihan ya!.</p>\r\n\r\n<p>Saya dan teman teman tentu juga menikmati beberapa wahana yang ada kami menaiki gondola dengan harga Rp.50.000 dan kami juga sempat menyewa sepeda listrik untuk berkeliling di taman mini. Kami menyewa dengan pilihan 1 sepeda listrik untuk 2 orang dengan harga Rp.100.000 untuk waktu 1 jam.</p>\r\n\r\n<p>Dan saya sangat merekomendasikan kalian untuk menaiki sepeda itu karena sangat seru geis. Selain sepeda listrik ada banyak penyewaan lain yang bisa kalian pilih seperti sepeda dan lain-lain. Saya merekomendasikan bagi kalian yang datang bersama-sama lebih dari 5 orang mungkin kalian bisa menyewa carter mobil, namun pastikan kalian sudah memiliki sim A bagi kalian yang akan membawa mobilnya.</p>\r\n\r\n<p>Saya sangat menikmati waktu disana walaupun hanya berjalan-jalan disekitar karena lingkungan yang sejuk dan tempat yang luas sangat cocok untuk berwisata. Jika Anda ingin merasakan keindahan budaya Indonesia tanpa harus melakukan perjalanan jauh, TMII adalah tempat yang tepat untuk menikmatinya. Dengan jarak yang tidak terlalu jauh dari pusat kota, Anda dapat segera terhubung dengan pesona budaya Indonesia yang memikat.</p>\r\n\r\n<p>Sebagai informasi tambahan, berikut beberapa hal yang terdapat didalam taman mini :<br />\r\n- Anjungan Daerah : bangunan - bangunan rumah adat yang bercirikan arsitektur tradisional khas daerah Indonesia. Terdapat 33 Anjungan daerah yang dibangun berderet mengelilingi danau<br />\r\n- Miniatur Arsipel Indonesia.<br />\r\n- Museum : Koleksi Sejarah dan Budaya Nusantara, Taman Mini mengahadirkan 18 museum yang merangkum berbagai sejarah Indonesia.<br />\r\n- Rumah Ibadah : Taman Mini mendirikan 7 rumah ibadah yang resmi diakui, bertujuan untuk menggambarkan tingginya toleransi dan persaudaraan antar agama.<br />\r\n- Shuttle yang dapat dinikamti secara gratis.<br />\r\n- Wahana Rekreasi<br />\r\n- Kuliner Nusantara</p>\r\n\r\n<p>Terimakasih telah menemani kembali perjalanan kami kali ini. Sampai jumpa di riview kami berikutnya.</p>\r\n', 'Nusantara', '2023-12-06');

-- --------------------------------------------------------

--
-- Table structure for table `merchandise`
--

CREATE TABLE `merchandise` (
  `id_merchandise` int(10) NOT NULL,
  `nama_merchandise` varchar(100) NOT NULL,
  `ket_merchandise` text NOT NULL,
  `harga_merchandise` int(100) NOT NULL,
  `stok` int(10) NOT NULL,
  `gambar_merchandise` varchar(50) NOT NULL
) ENGINE=InnoDB DEFAULT CHARSET=utf8mb4 COLLATE=utf8mb4_general_ci;

--
-- Dumping data for table `merchandise`
--

INSERT INTO `merchandise` (`id_merchandise`, `nama_merchandise`, `ket_merchandise`, `harga_merchandise`, `stok`, `gambar_merchandise`) VALUES
(1, 'Miniatur Rumah Adat Tongkonan ', '<p><strong>**Miniatur Rumah Adat Tana Toraja**</strong></p>\r\n\r\n<p>Dapatkan keindahan dan keunikannya dalam miniatur rumah adat Tana Toraja yang memukau. Replika ini dibuat dengan detail tinggi, mencerminkan arsitektur tradisional yang khas dan kekayaan seni budaya Tana Toraja.</p>\r\n\r\n<p>**Deskripsi Produk:**<br />\r\nMiniatur ini terbuat dari kayu berkualitas tinggi, diukir dengan teliti untuk menciptakan nuansa autentik dari rumah adat tradisional. Setiap detailnya memperlihatkan keindahan warisan budaya Tana Toraja.</p>\r\n\r\n<p>**Banyak Di Jumpai:**<br />\r\nTemukan miniatur ini di toko suvenir lokal, menjadi pilihan sempurna sebagai kenang-kenangan atau hiasan rumah. Hadirkan suasana tradisional Tana Toraja di dalam ruangan Anda dengan miniatur rumah adat yang memukau ini. Bawa keindahan Tana Toraja ke dalam hidup Anda dengan memiliki miniatur rumah adat ini. Setiap pembelian tidak hanya mendapatkan produk berkualitas, tetapi juga membawa potongan sejarah dan keindahan Tana Toraja ke dalam rumah Anda.</p>\r\n\r\n<p>**Jangan lewatkan kesempatan untuk memiliki potongan kecil dari Tana Toraja di rumah Anda. Dapatkan miniatur rumah adat Tana Toraja sekarang dan nikmati keindahan warisan budayanya setiap hari!**</p>\r\n', 35000, 15, 'tongkonan.jpg'),
(3, 'Kopi Khas Tana Toraja', '<p>**Kopi Tana Toraja - Pengalaman Nikmat Beraroma Khas**</p>\r\n\r\n<p>Jelajahi kelezatan kopi Tana Toraja melalui pengalaman unik dari biji kopi pilihan. Kopi ini tidak hanya menyajikan cita rasa yang istimewa, tetapi juga memberikan nuansa khas dari tanah tinggi Tana Toraja yang subur.</p>\r\n\r\n<p>**Deskripsi Produk:**<br />\r\nKopi Tana Toraja dipetik dari biji kopi pilihan yang tumbuh di dataran tinggi, memberikan cita rasa yang kaya dan beraroma. Dengan proses pengolahan yang teliti, kopi ini mempertahankan keaslian dan kualitasnya.</p>\r\n\r\n<p>**Cita Rasa Khas:**<br />\r\nNikmati keharmonisan cita rasa kopi Tana Toraja yang khas, dengan sentuhan manis, asam yang seimbang, dan aftertaste yang memikat. Pengalaman ini akan membawa Anda merasakan keindahan alam Tana Toraja melalui secangkir kopi.</p>\r\n\r\n<p>**Banyak Di Jumpai:**<br />\r\nKopi Tana Toraja banyak dijumpai di kedai-kedai kopi lokal atau pasar tradisional di Tana Toraja. Setiap kemasan mengandung cerita panjang perjalanan dari kebun kopi hingga ke cangkir Anda. Mari nikmati keunikan kopi Tana Toraja dan biarkan diri Anda terhanyut dalam aroma dan cita rasa yang memikat. Sebagai pencinta kopi sejati, Anda tidak boleh melewatkan kesempatan untuk merasakan keistimewaan kopi Tana Toraja ini.</p>\r\n\r\n<p>**Ayo Rasakan Kelezatannya:**<br />\r\nDapatkan pengalaman kopi yang tak terlupakan dengan kopi Tana Toraja. Segera miliki kopi berkualitas ini dan nikmati kehangatan dan kenikmatan dari setiap tegukan!</p>\r\n', 45000, 10, 'kopi.jpg'),
(4, 'Kopi Robusta Flores Wae Rebo', '<p>**Kopi Robusta Flores Wae Rebo - Kenikmatan Kopi dengan Nuansa Alam**</p>\r\n\r\n<p>Jelajahi kelezatan kopi Robusta Flores Wae Rebo, sebuah pengalaman kopi yang unik dengan sentuhan khas dari dataran tinggi Flores. Kopi ini tidak hanya menghadirkan cita rasa yang berani, tetapi juga membawa Anda merasakan keindahan alam Flores yang subur.</p>\r\n\r\n<p>**Deskripsi Produk:**<br />\r\nKopi Robusta Flores Wae Rebo dipetik secara selektif dari kebun kopi yang terletak di lereng gunung Wae Rebo. Proses pengolahan yang cermat menjaga kualitas biji kopi, memberikan cita rasa yang kuat dan karakteristik khas Robusta.</p>\r\n\r\n<p>**Cita Rasa Berani:**<br />\r\nNikmati cita rasa kopi Robusta Flores yang penuh tubuh, dengan keasaman yang rendah dan rasa pahit yang mendalam. Setiap tegukan membawa Anda merasakan kekayaan dan keberagaman alam Flores.</p>\r\n\r\n<p>**Banyak Di Jumpai:**<br />\r\nKopi Robusta Flores Wae Rebo sering ditemui di toko kopi spesialis atau pasar tradisional di Flores. Setiap kemasan mencerminkan dedikasi petani kopi dalam menghasilkan biji kopi berkualitas tinggi. Mari jelajahi kekayaan alam Flores melalui secangkir kopi Robusta yang berani ini. Setiap tegukan membawa Anda merasakan suasana eksotis gunung Wae Rebo yang memesona.</p>\r\n\r\n<p>**Ayo Rasakan Kenikmatannya:**<br />\r\nDapatkan pengalaman kopi yang berbeda dengan kopi Robusta Flores Wae Rebo. Segera miliki kopi berkualitas ini dan nikmati kehangatan serta kekuatan kopi Robusta yang memukau!</p>\r\n', 40000, 15, 'kopiwae.jpg');

-- --------------------------------------------------------

--
-- Table structure for table `paket`
--

CREATE TABLE `paket` (
  `id_paket` int(10) NOT NULL,
  `nama_paket` varchar(45) NOT NULL,
  `ket_paket` text NOT NULL,
  `harga_paket` int(100) NOT NULL,
  `gambar_paket` varchar(50) NOT NULL
) ENGINE=InnoDB DEFAULT CHARSET=utf8mb4 COLLATE=utf8mb4_general_ci;

--
-- Dumping data for table `paket`
--

INSERT INTO `paket` (`id_paket`, `nama_paket`, `ket_paket`, `harga_paket`, `gambar_paket`) VALUES
(8, 'Paket Liburan Tana Toraja', '<p>&quot;Explore Tana Toraja&quot;**</p>\r\n\r\n<p>**Durasi:** 2 Hari 1 Malam</p>\r\n\r\n<p>**Harga:** Rp. 500.000/orang</p>\r\n\r\n<p>**Tanggal Keberangkatan:**<br />\r\n- Keberangkatan: 18&nbsp;Januari 2024</p>\r\n\r\n<p>**Transportasi:**<br />\r\n- Pergi dan Pulang dengan bus AC dari kota asal ke Tana Toraja.</p>\r\n\r\n<p>**Penginapan:**<br />\r\n- Menginap di hotel/bungalow di Tana Toraja selama 1 malam.<br />\r\n- Kamar ber-AC dan dilengkapi dengan fasilitas mandi.</p>\r\n\r\n<p>**Itinerary:**</p>\r\n\r\n<p>**Hari Pertama - Tana Toraja Arrival:**<br />\r\n1. **08.00 - 12.00:** Perjalanan dari kota asal ke Tana Toraja dengan bus AC.<br />\r\n2. **12.00 - 13.00:** Makan siang di rest area perjalanan.<br />\r\n3. **13.00 - 17.00:** Check-in di hotel/bungalow dan istirahat sejenak.<br />\r\n4. **17.00 - 19.00:** Kunjungan pertama ke salah satu objek wisata Tana Toraja (contoh: Londa, Lemo, Kete Kesu).<br />\r\n5. **19.30 - 21.00:** Makan malam di restoran lokal.<br />\r\n6. **21.00:** Kembali ke hotel, istirahat, dan persiapan untuk esok hari.</p>\r\n\r\n<p>**Hari Kedua - Menikmati Keindahan Tana Toraja:**<br />\r\n1. **07.00 - 08.00:** Sarapan di hotel.<br />\r\n2. **08.30 - 11.30:** Kunjungan ke objek wisata lainnya (contoh: Kambira, Suaya, Ke&#39;te Kesu).<br />\r\n3. **12.00 - 13.00:** Makan siang di restoran lokal.<br />\r\n4. **13.30 - 16.00:** Berkeliling dan menikmati keindahan alam Tana Toraja.<br />\r\n5. **16.30 - 18.00:** Kembali ke hotel, bersiap-siap check-out.<br />\r\n6. **18.00 - 19.30:** Makan malam di restoran sebelum perjalanan pulang.<br />\r\n7. **20.00:** Kembali ke kota asal dengan bus AC.</p>\r\n\r\n<p>**Fasilitas yang Termasuk dalam Paket:**<br />\r\n1. Tiket bus PP dari kota asal ke Tana Toraja.<br />\r\n2. Penginapan 1 malam di hotel/bungalow dengan sarapan pagi.<br />\r\n3. Makan siang dan makan malam (sesuai jadwal di atas).<br />\r\n4. Tiket masuk ke objek wisata yang dikunjungi.</p>\r\n\r\n<p>**Fasilitas yang Tidak Termasuk:**<br />\r\n1. Pengeluaran pribadi.<br />\r\n2. Asuransi perjalanan pribadi.<br />\r\n3. Pengeluaran tambahan di luar itinerary.</p>\r\n\r\n<p>**Catatan:**<br />\r\nJangan lupa untuk selalu mengecek ketersediaan dan harga terkini sebelum melakukan pemesanan, serta mengonfirmasi detail paket dengan penyelenggara perjalanan.</p>\r\n', 500000, 'paket1.png'),
(10, 'Paket Wisata Keukenhof Garden', '<p>&quot;Keukenhof Garden Experience&quot;**</p>\r\n\r\n<p>**Durasi:** 2 Hari 1 Malam</p>\r\n\r\n<p>**Harga:** Rp. 3.500.000/orang</p>\r\n\r\n<p>**Tanggal Keberangkatan:**<br />\r\n- Keberangkatan: 12 Maret 2024</p>\r\n\r\n<p>**Transportasi:**<br />\r\n- Pergi dan Pulang dengan transportasi udara ke Amsterdam (kota terdekat dengan Keukenhof).<br />\r\n- Transfer dari Bandara Amsterdam Schiphol ke Keukenhof.</p>\r\n\r\n<p>**Penginapan:**<br />\r\n- Menginap di hotel bintang 3 di dekat Keukenhof selama 1 malam.<br />\r\n- Kamar ber-AC dan dilengkapi dengan fasilitas mandi.</p>\r\n\r\n<p>**Itinerary:**</p>\r\n\r\n<p>**Hari Pertama - Keukenhof Exploration:**<br />\r\n1. **09.00 - 11.00:** Penerbangan menuju Bandara Amsterdam Schiphol.<br />\r\n2. **11.30 - 12.30:** Transfer ke hotel dan check-in.<br />\r\n3. **13.00 - 15.00:** Makan siang di restoran lokal.<br />\r\n4. **15.30 - 18.00:** Kunjungan Keukenhof Garden untuk menikmati keindahan taman bunga (tiket masuk termasuk).<br />\r\n5. **18.30 - 20.00:** Kembali ke hotel dan bersiap untuk makan malam.<br />\r\n6. **20.30 - 22.00:** Makan malam di restoran hotel.</p>\r\n\r\n<p>**Hari Kedua - Wisata Sekitar Keukenhof:**<br />\r\n1. **07.00 - 08.00:** Sarapan di hotel.<br />\r\n2. **08.30 - 11.00:** Kunjungan ke desa-desa terdekat atau objek wisata lainnya di sekitar Keukenhof.<br />\r\n3. **12.00 - 13.00:** Makan siang di restoran lokal.<br />\r\n4. **13.30 - 16.00:** Tur keliling Keukenhof dan informasi lebih lanjut tentang kebun bunga.<br />\r\n5. **16.30 - 18.00:** Kembali ke hotel, bersiap untuk check-out.<br />\r\n6. **18.30 - 20.00:** Makan malam terakhir di restoran lokal sebelum kembali.</p>\r\n\r\n<p>**Fasilitas yang Termasuk dalam Paket:**<br />\r\n1. Tiket pesawat PP.<br />\r\n2. Transfer dari Bandara Amsterdam Schiphol ke hotel.<br />\r\n3. Penginapan 1 malam di hotel bintang 3 dengan sarapan pagi.<br />\r\n4. Makan siang dan makan malam (sesuai jadwal di atas).<br />\r\n5. Tiket masuk Keukenhof Garden.<br />\r\n6. Transportasi selama tur keliling.</p>\r\n\r\n<p>**Fasilitas yang Tidak Termasuk:**<br />\r\n1. Pengeluaran pribadi.<br />\r\n2. Asuransi perjalanan pribadi.</p>\r\n\r\n<p>**Catatan:**</p>\r\n\r\n<p>Pastikan untuk selalu mengecek ketersediaan dan harga terkini sebelum melakukan pemesanan, serta mengonfirmasi detail paket dengan penyelenggara perjalanan.</p>\r\n', 3500000, 'paket2.jpg'),
(11, 'Paket Wisata Disneyland Tokyo', '<p>&quot;Magical Disneyland Tokyo Adventure&quot;**</p>\r\n\r\n<p>**Durasi:** 3 Hari 2 Malam</p>\r\n\r\n<p>**Harga:** Rp. 29.900.000/orang</p>\r\n\r\n<p>**Tanggal Keberangkatan:**<br />\r\n- Keberangkatan: 11 November 2024</p>\r\n\r\n<p>**Transportasi:**<br />\r\n- Pergi dan Pulang dengan penerbangan langsung ke Tokyo.<br />\r\n- Transfer dari Bandara Internasional Narita ke hotel.</p>\r\n\r\n<p>**Penginapan:**<br />\r\n- Menginap di hotel bintang 4 di dekat Disneyland Tokyo selama 2 malam.<br />\r\n- Kamar ber-AC dan dilengkapi dengan fasilitas mandi.</p>\r\n\r\n<p>**Itinerary:**</p>\r\n\r\n<p>**Hari Pertama - Selamat Datang di Tokyo:**<br />\r\n1. **12.00 - 15.00:** Penerbangan menuju Bandara Internasional Narita.<br />\r\n2. **15.30 - 17.00:** Transfer ke hotel dan check-in.<br />\r\n3. **17.30 - 19.00:** Makan malam di restoran hotel.<br />\r\n4. **19.30 - 22.00:** Istirahat dan persiapan untuk petualangan Disneyland esok hari.</p>\r\n\r\n<p>**Hari Kedua - Disneyland Tokyo Experience:**<br />\r\n1. **07.00 - 08.00:** Sarapan di hotel.<br />\r\n2. **08.30 - 10.00:** Transfer ke Disneyland Tokyo.<br />\r\n3. **10.30 - 18.00:** Nikmati wahana dan pertunjukan Disneyland Tokyo.<br />\r\n4. **18.30 - 20.00:** Kembali ke hotel untuk bersiap-siap makan malam.<br />\r\n5. **20.30 - 22.00:** Makan malam di restoran hotel.</p>\r\n\r\n<p>**Hari Ketiga - Keliling Tokyo dan Kembali:**<br />\r\n1. **07.00 - 08.00:** Sarapan di hotel dan check-out.<br />\r\n2. **08.30 - 11.30:** Tur keliling Tokyo dengan tour guide (mengunjungi beberapa tempat wisata terkenal).<br />\r\n3. **12.00 - 13.30:** Makan siang di restoran lokal.<br />\r\n4. **14.00 - 16.00:** Waktu bebas untuk berbelanja atau mengeksplorasi Tokyo.<br />\r\n5. **16.30 - 18.00:** Kembali ke hotel untuk pengambilan barang dan transfer ke Bandara Narita.<br />\r\n6. **19.30 - 22.00:** Penerbangan pulang.</p>\r\n\r\n<p>**Fasilitas yang Termasuk dalam Paket:**<br />\r\n1. Tiket pesawat PP.<br />\r\n2. Transfer dari Bandara Internasional Narita ke hotel dan sebaliknya.<br />\r\n3. Penginapan 2 malam di hotel bintang 4 dengan sarapan pagi.<br />\r\n4. Makan siang dan makan malam (sesuai jadwal di atas).<br />\r\n5. Tiket masuk Disneyland Tokyo.<br />\r\n6. Transportasi selama tur keliling Tokyo dengan tour guide.</p>\r\n\r\n<p>**Fasilitas yang Tidak Termasuk:**<br />\r\n1. Pengeluaran pribadi.<br />\r\n2. Asuransi perjalanan pribadi.</p>\r\n\r\n<p>**Catatan:**</p>\r\n\r\n<p>Pastikan untuk selalu mengecek ketersediaan dan harga terkini sebelum melakukan pemesanan, serta mengonfirmasi detail paket dengan penyelenggara perjalanan.</p>\r\n', 29900000, 'paket3.jpg');

-- --------------------------------------------------------

--
-- Table structure for table `penulis`
--

CREATE TABLE `penulis` (
  `id_penulis` int(10) NOT NULL,
  `nama_penulis` varchar(50) NOT NULL,
  `alamat` varchar(50) NOT NULL,
  `no_telp` varchar(15) NOT NULL,
  `email` varchar(50) NOT NULL
) ENGINE=InnoDB DEFAULT CHARSET=utf8mb4 COLLATE=utf8mb4_general_ci;

--
-- Dumping data for table `penulis`
--

INSERT INTO `penulis` (`id_penulis`, `nama_penulis`, `alamat`, `no_telp`, `email`) VALUES
(1, 'Rani Wahyuni', 'Jalan Anggur Nomor 2. Pasar Baru', '098998617161', 'rani@gmail.com'),
(3, 'Marsha Angelica', 'Jalan Melati Nomor 7. Jakarta Barat', '098998617161', 'acaa@gmail.com'),
(4, 'Elsa Rahmadani', 'Jalan Mangga No. 89 Jakarta Utara', '085676789098', 'elsa@gmail.com'),
(5, 'Devita Anggun', 'Jalan Durian No. 9 Jakarta Utara', '089335698987', 'devita@gmail.com'),
(7, 'Azizah Tri', 'Jalan Jambu No. 6 Jakarta Barat', '086789809876', 'azizahh@gmail.com');

-- --------------------------------------------------------

--
-- Table structure for table `user`
--

CREATE TABLE `user` (
  `id_user` int(2) NOT NULL,
  `nama_user` varchar(25) DEFAULT NULL,
  `username` varchar(25) DEFAULT NULL,
  `password` varchar(25) DEFAULT NULL,
  `level` int(2) DEFAULT NULL
) ENGINE=InnoDB DEFAULT CHARSET=utf8mb4 COLLATE=utf8mb4_general_ci;

--
-- Dumping data for table `user`
--

INSERT INTO `user` (`id_user`, `nama_user`, `username`, `password`, `level`) VALUES
(1, 'Sehun', 'Admin 1', 'admin1', 1),
(2, 'Kim Jong Un', 'Admin 2', 'admin2', 1);

--
-- Indexes for dumped tables
--

--
-- Indexes for table `artikel`
--
ALTER TABLE `artikel`
  ADD PRIMARY KEY (`id_artikel`);

--
-- Indexes for table `coming_soon`
--
ALTER TABLE `coming_soon`
  ADD PRIMARY KEY (`id_coming`);

--
-- Indexes for table `foto`
--
ALTER TABLE `foto`
  ADD PRIMARY KEY (`id_foto`);

--
-- Indexes for table `gallery`
--
ALTER TABLE `gallery`
  ADD PRIMARY KEY (`id_gallery`);

--
-- Indexes for table `konten`
--
ALTER TABLE `konten`
  ADD PRIMARY KEY (`id_konten`);

--
-- Indexes for table `merchandise`
--
ALTER TABLE `merchandise`
  ADD PRIMARY KEY (`id_merchandise`);

--
-- Indexes for table `paket`
--
ALTER TABLE `paket`
  ADD PRIMARY KEY (`id_paket`);

--
-- Indexes for table `penulis`
--
ALTER TABLE `penulis`
  ADD PRIMARY KEY (`id_penulis`);

--
-- Indexes for table `user`
--
ALTER TABLE `user`
  ADD PRIMARY KEY (`id_user`);

--
-- AUTO_INCREMENT for dumped tables
--

--
-- AUTO_INCREMENT for table `artikel`
--
ALTER TABLE `artikel`
  MODIFY `id_artikel` int(10) NOT NULL AUTO_INCREMENT, AUTO_INCREMENT=33;

--
-- AUTO_INCREMENT for table `coming_soon`
--
ALTER TABLE `coming_soon`
  MODIFY `id_coming` int(10) NOT NULL AUTO_INCREMENT, AUTO_INCREMENT=42;

--
-- AUTO_INCREMENT for table `foto`
--
ALTER TABLE `foto`
  MODIFY `id_foto` int(11) NOT NULL AUTO_INCREMENT, AUTO_INCREMENT=28;

--
-- AUTO_INCREMENT for table `gallery`
--
ALTER TABLE `gallery`
  MODIFY `id_gallery` int(11) NOT NULL AUTO_INCREMENT, AUTO_INCREMENT=12;

--
-- AUTO_INCREMENT for table `konten`
--
ALTER TABLE `konten`
  MODIFY `id_konten` int(10) NOT NULL AUTO_INCREMENT, AUTO_INCREMENT=63;

--
-- AUTO_INCREMENT for table `merchandise`
--
ALTER TABLE `merchandise`
  MODIFY `id_merchandise` int(10) NOT NULL AUTO_INCREMENT, AUTO_INCREMENT=7;

--
-- AUTO_INCREMENT for table `paket`
--
ALTER TABLE `paket`
  MODIFY `id_paket` int(10) NOT NULL AUTO_INCREMENT, AUTO_INCREMENT=13;

--
-- AUTO_INCREMENT for table `penulis`
--
ALTER TABLE `penulis`
  MODIFY `id_penulis` int(10) NOT NULL AUTO_INCREMENT, AUTO_INCREMENT=9;

--
-- AUTO_INCREMENT for table `user`
--
ALTER TABLE `user`
  MODIFY `id_user` int(2) NOT NULL AUTO_INCREMENT, AUTO_INCREMENT=3;
COMMIT;

/*!40101 SET CHARACTER_SET_CLIENT=@OLD_CHARACTER_SET_CLIENT */;
/*!40101 SET CHARACTER_SET_RESULTS=@OLD_CHARACTER_SET_RESULTS */;
/*!40101 SET COLLATION_CONNECTION=@OLD_COLLATION_CONNECTION */;
